{
  "posts": [],
  "signupUser": [
    {
      "username": "poonam",
      "password": "1234",
      "confirmPassword": "1223",
      "zipCode": 12121,
      "email": "bharatsiddhe3890@gmail.com",
      "id": 1
    },
    {
      "username": "admin",
      "password": "1234",
      "confirmPassword": "1234",
      "zipCode": 1234,
      "email": "bharatsiddhe3890@gmail.com",
      "id": 2
    },
    {
      "username": "admin",
      "password": "12345",
      "confirmPassword": "12345",
      "zipCode": 123456,
      "email": "siddhe3890@gmail.com",
      "id": 3
    }
  ],
  "login": []
}